Brand,Venue Name,City,Venue ID,Comenzi livrare proprie (iulie 2026,partial),Comenzi Wolt Delivery (iulie 2026,partial),Tip livrare (inferat),Nota
Roll Master,Roll Master - Brasov,Brasov,67dd59415e61a1513fbf7035,36,0,Self Delivery,,,
Roll Master,Roll Master - Sibiu,Sibiu,67dad68ddb56261b0e642502,67,0,Self Delivery,,,
Roll Master,Roll Master - Galati,Galati,67db00593a31651eb80dec18,48,0,Self Delivery,,,
Roll Master,Roll Master Dumbravita,Timisoara,67dac56ea0d80030d679bc06,48,0,Self Delivery,,,
Roll Master,Roll Master - Timisoara Sud,Timisoara,67dac56ea0d80030d679bc07,31,0,Self Delivery,,,
Roll Master,Roll Master - Targu Mures,Targu Mures,67dac8733d53c710973955d6,48,0,Self Delivery,,,
Roll Master,Roll Master - Braila,Braila,6932b4cea15d3673ed37b9ec,8,0,Self Delivery,,,
Roll Master,Roll Master - Pitesti,Pitesti,67db00593a31651eb80dec1b,40,0,Self Delivery,,,
Roll Master,Roll Master - Bacau,Bacau,67dafe6e21bfd57729792a5d,30,0,Self Delivery,,,
Roll Master,Roll Master - Piatra Neamt,Piatra Neamt,698459a82a9431729540cf0a,5,0,Self Delivery,,,
Roll Master,Roll Master - Balotesti,Bucuresti,67dd59415e61a1513fbf7039,12,0,Self Delivery,,,
Roll Master,Roll Master - Ceaikovski,Bucuresti,67dd59415e61a1513fbf703b,16,0,Self Delivery,,,
Roll Master,Roll Master - Cluj Napoca,Cluj-Napoca,67dd59415e61a1513fbf703c,35,0,Self Delivery,,,
Roll Master,Roll Master - Constanta,Constanta,67dd59415e61a1513fbf7046,19,0,Self Delivery,,,
Roll Master,Roll Master - Craiova,Craiova,67dd59415e61a1513fbf7049,25,0,Self Delivery,,,
Roll Master,Roll Master - Lujerului,Bucuresti,67dd59415e61a1513fbf703a,30,0,Self Delivery,,,
Roll Master,Roll Master - Oradea,Oradea,67dd59415e61a1513fbf7038,21,0,Self Delivery,,,
Roll Master,Roll Master - Titan,Bucuresti,67dd59415e61a1513fbf7036,37,0,Self Delivery,,,
Roll Master,Roll Master Bucuresti - Halelor,Bucuresti,67dd59415e61a1513fbf7037,21,0,Self Delivery,,,
Roll Master,Roll Master - Botosani,Botosani,67dad68ddb56261b0e642507,34,0,Self Delivery,,,
Roll Master,Roll Master - Iasi,Iasi,67dad68ddb56261b0e642501,34,0,Self Delivery,,,
Roll Master,Roll Master - Suceava,Suceava,67dad68ddb56261b0e642506,9,0,Self Delivery,,,
Roll Master,Roll Master - Tudor,Iasi,67dad68ddb56261b0e642509,24,0,Self Delivery,,,
Love Sushi,Love Sushi - Lujerului,Bucuresti,67dd59415e61a1513fbf704d,,,Wolt Delivery (presupus),Nu apare in raportul de livrare proprie - verifica in Opstools,,
Love Sushi,Love Sushi - Titan,Bucuresti,67dd59415e61a1513fbf704b,,,Wolt Delivery (presupus),Nu apare in raportul de livrare proprie - verifica in Opstools,,
Love Sushi,Love Sushi - Ceaicovski,Bucuresti,67dd59415e61a1513fbf704a,,,Wolt Delivery (presupus),Nu apare in raportul de livrare proprie - verifica in Opstools,,
Love Sushi,Love Sushi - Braila,Braila,6932b4dca15d3673ed37b9ed,6,0,Self Delivery,,,
Love Sushi,Love Sushi - Pitesti,Pitesti,67db00593a31651eb80dec1d,11,0,Self Delivery,,,
Love Sushi,Love Sushi Galati,Galati,67db00593a31651eb80dec1a,20,0,Self Delivery,,,
Love Sushi,Love Sushi - Piatra Neamt,Piatra Neamt,69845d888570377538821636,3,0,Self Delivery,,,
Love Sushi,Love Sushi Bacau,Bacau,67dafe6e21bfd57729792a5f,10,0,Self Delivery,,,
Love Sushi,Love Sushi - Balotesti,Bucuresti,67dd59415e61a1513fbf7050,1,0,Self Delivery,,,
Love Sushi,Love Sushi - Brasov,Brasov,67dd59415e61a1513fbf7053,20,0,Self Delivery,,,
Love Sushi,Love Sushi - Cluj Napoca,Cluj-Napoca,67dd59415e61a1513fbf704e,18,0,Self Delivery,,,
Love Sushi,Love Sushi - Constanta,Constanta,67dd59415e61a1513fbf704f,13,0,Self Delivery,,,
Love Sushi,Love Sushi - Timisoara Soarelui,Timisoara,67dac56ea0d80030d679bc08,27,0,Self Delivery,,,
Love Sushi,Love Sushi Oradea,Oradea,67dd59415e61a1513fbf7052,5,0,Self Delivery,,,
Love Sushi,Love Sushi Dumbravita,Timisoara,67dac56ea0d80030d679bc09,26,0,Self Delivery,,,
Love Sushi,Love Sushi - Botosani,Botosani,67dad68ddb56261b0e64250c,4,0,Self Delivery,,,
Love Sushi,Love Sushi - Sibiu,Sibiu,67dad68ddb56261b0e64250b,27,0,Self Delivery,,,
Love Sushi,Love Sushi - Suceava,Suceava,67dad68ddb56261b0e64250d,7,0,Self Delivery,,,
Love Sushi,Love Sushi - Targu Mures,Targu Mures,698f3fff92a7032ac15f1416,21,0,Self Delivery,,,
Love Sushi,Love Sushi Iasi,Iasi,67dad68ddb56261b0e64250f,28,0,Self Delivery,,,
Love Sushi,Love Sushi Tudor,Iasi,67dad68ddb56261b0e64250e,12,0,Self Delivery,,,
Poki-Woki,Poki-Woki - Craiova,Craiova,67dd59415e61a1513fbf7048,31,0,Self Delivery,,,
Poki-Woki,Poki-Woki - Braila,Braila,6932b4efa8d6546c7b8ca353,12,0,Self Delivery,,,
Poki-Woki,Poki-Woki - Galati,Galati,67db00593a31651eb80dec19,19,0,Self Delivery,,,
Poki-Woki,Poki-Woki - Pitesti,Pitesti,67db00593a31651eb80dec1c,10,0,Self Delivery,,,
Poki-Woki,Poki-Woki - Bacau,Bacau,67dafe6e21bfd57729792a5e,17,0,Self Delivery,,,
Poki-Woki,Poki-Woki - Piatra Neamt,Piatra Neamt,698498a48570377538821886,12,0,Self Delivery,,,
Poki-Woki,Poki-Woki - Constanta,Bucuresti,67dd59415e61a1513fbf7047,11,0,Self Delivery,,,
Poki-Woki,Poki-Woki - Balotesti,Bucuresti,67dd59415e61a1513fbf7044,7,0,Self Delivery,,,
Poki-Woki,Poki-Woki - Brasov,Brasov,67dd59415e61a1513fbf703d,15,0,Self Delivery,,,
Poki-Woki,Poki-Woki - Ceaikovski,Bucuresti,67dd59415e61a1513fbf7040,2,0,Self Delivery,,,
Poki-Woki,Poki-Woki - Cluj Napoca,Cluj-Napoca,67dd59415e61a1513fbf703e,37,0,Self Delivery,,,
Poki-Woki,Poki-Woki - Halelor,Bucuresti,67dd59415e61a1513fbf7041,9,0,Self Delivery,,,
Poki-Woki,Poki-Woki - Lujerului,Bucuresti,67dd59415e61a1513fbf703f,20,0,Self Delivery,,,
Poki-Woki,Poki-Woki - Oradea,Oradea,67dd59415e61a1513fbf7045,31,0,Self Delivery,,,
Poki-Woki,Poki-Woki - Titan,Bucuresti,67dd59415e61a1513fbf7043,13,0,Self Delivery,,,
Smash Me,Smash Me,Cluj-Napoca,67dc3f5b2e58c74a8f351224,,,Wolt Delivery (presupus),Nu apare in raportul de livrare proprie - verifica in Opstools,,
Smash Me,Smash Me City Park,Bucuresti,690088cf9855699872d4fcd1,,,Wolt Delivery (presupus),Nu apare in raportul de livrare proprie - verifica in Opstools,,
Crunch,Crunch - Vivo,Cluj-Napoca,6a2951eed236e475d034947b,,,Wolt Delivery (presupus),Nu apare in raportul de livrare proprie - verifica in Opstools,,
Crunch,Crunch City Park,Bucuresti,69f993b1ada408041e3933b8,,,Wolt Delivery (presupus),Nu apare in raportul de livrare proprie - verifica in Opstools,,