City Code	Store Name	GLOVO Store ID	Address	SRL	Delivery Type	WOLT ID	BOLT ID
BCU	Love Sushi	498431	Strada 9 Mai 600022 Bacău Romania	GRAND SUSHI SRL	Livrare Glovo	67dafe6e21bfd57729792a5f	HdM0NOW6xt
BRL	Love Sushi	552382	Strada Școlilor 2 810009 Județul Brăila Brăila România	ADIRAF SUSHI SRL	Livrare Proprie	6932b4dca15d3673ed37b9ed	lifqFdT0If
BRV	Love Sushi	443734	Calea București 107 500299 Brașov Romania	GURMAND PLAMADEALA SRL	Livrare Glovo	67dd59415e61a1513fbf7053	XV6D2PYHte
BTO	Love Sushi	-	Bulevardul George Enescu 4, Botoșani, Romania	IRA SUSHI SRL		67dad68ddb56261b0e64250c	W0CyYdkuCQ
BUC	Love Sushi	426935	Strada Halelor 17, București, Romania	GURMAND PLAMADEALA SRL	Livrare Glovo	67dd59415e61a1513fbf704c	8T5Mh8r1qV
BUC	Love Sushi	426935	Bulevardul 1 Decembrie 1918 33A, București 032455, Romania	GURMAND PLAMADEALA SRL	Livrare Glovo	67dd59415e61a1513fbf704b	n3sqlgXBO5
BUC	Love Sushi	426935	Strada Ceaikovski 9, București, Romania	GURMAND PLAMADEALA SRL	Livrare Glovo	67dd59415e61a1513fbf704a	etCLKqdKIQ
BUC	Love Sushi	426935	Bulevardul Iuliu Maniu 19, București 061344, Romania	GURMAND PLAMADEALA SRL	Livrare Glovo	67dd59415e61a1513fbf704d	3wdGs4EEeg
CLJ	Love Sushi	443682	Strada Emil Isac 15, Cluj-Napoca 400000, România	GURMAND PLAMADEALA SRL	Livrare Glovo	67dd59415e61a1513fbf704e	ZML1MPokwY
CRB	Love Sushi	448810	Calea Bucureşti 2bis, 077015, Romania	GURMAND PLAMADEALA SRL	Livrare Glovo	67dd59415e61a1513fbf7050	-
CRV	Love Sushi	448792	Calea București 80, Craiova, Romania	GURMAND PLAMADEALA SRL	Livrare Glovo	67dd59415e61a1513fbf7051	gBQlfTQGPk
CTA	Love Sushi	443685	Bulevardul Tomis 56, Constanța 900178, Romania	GURMAND PLAMADEALA SRL	Livrare Glovo	67dd59415e61a1513fbf704f	0JB2rMCmAq
GLT	Love Sushi	498432	Strada Braso 91 800402 Galati Romania	ADIRAF SUSHI SRL	Livrare Glovo	67db00593a31651eb80dec1a	ghO0uE40k6
IAS	Love Sushi	-	Piața Voievozilor a9, Iași, Romania	IRA SUSHI SRL		67dad68ddb56261b0e64250f	tRappg4uJt
IAS	Love Sushi	-	T17, Campus, Bulevardul Tudor Vladimirescu 111, Iași 700560, Romania	IRA SUSHI SRL		67dad68ddb56261b0e64250e	5O8uD6knU8
ORD	Love Sushi	448821	Str. Nufărului 30, Oradea 410583, Romania	GURMAND PLAMADEALA SRL	Livrare Glovo	67dd59415e61a1513fbf7052	K7D33VcXQS
PIT	Love Sushi	498846	Strada Teilor 33 110030 Pitești Romania	ADIRAF SUSHI SRL	Livrare Glovo	67db00593a31651eb80dec1d	-
PTN	Love Sushi	560180	Bulevardul Decebal 79 610046 Județul Neamț Piatra Neamț România	GRAND SUSHI SRL	Livrare Proprie	69845d888570377538821636	QUpFcbqCje
SBU	Love Sushi	-	Bulevardul Mihai Viteazul 1a, Șelimbăr 550350, Romania	IRA SUSHI SRL		67dad68ddb56261b0e64250b	ZRoH2wcCQh
SCV	Love Sushi	-	Bulevardul George Enescu 38, Suceava 720253, România	IRA SUSHI SRL		67dad68ddb56261b0e64250d	gTmOSUWRoE
TGM	Love Sushi	564177	Bulevardul 1 Decembrie 1918 157, 540445 Județul Mureș Târgu Mureș, România	IRA SUSHI SRL	Livrare Glovo	698f3fff92a7032ac15f1416	2ucNAPORwe
TIM	Love Sushi	472808	Str. Mareșal Constantin Prezan 70-72, Timișoara 300744, Romania	GURMAND PLAMADEALA SRL	Livrare Glovo	67dac56ea0d80030d679bc08	v4V1sHXAse
TUL	Love Sushi	527488	Strada Isaccei 57 bis 820241 Tulcea Romania	ADIRAF SUSHI SRL	Livrare Proprie	-	rEkv2uPQjA
BCU	Poki-Woki	391105	9 Mai 600022 Bacau Romania	GRAND SUSHI SRL	Livrare Proprie	67dafe6e21bfd57729792a5e	34oasIzTAZ
BRL	Poki-Woki	552292	Strada Școlilor 2 810009 Județul Brăila Brăila România	ADIRAF SUSHI SRL	Livrare Proprie	6932b4efa8d6546c7b8ca353	b1nHLpQeOw
BRV	Poki-Woki	246147	Calea București 107 500299 Brașov Romania	GURMAND PLAMADEALA SRL	Livrare Proprie	67dd59415e61a1513fbf703d	xRIcx4IHLO
BTO	Poki-Woki	394190	Bulevardul George Enescu 4, Botoșani, Romania	IRA SUSHI SRL	Livrare Proprie	67dad68ddb56261b0e642508	IDeu3UaHjn
BUC	Poki-Woki	252898	Bulevardul 1 Decembrie 1918 33a, București 032455, Romania	GURMAND PLAMADEALA SRL	Livrare Proprie	67dd59415e61a1513fbf7043	Yp1vsXg6Vt
BUC	Poki-Woki	252898	Strada Halelor 17, București, Romania	GURMAND PLAMADEALA SRL	Livrare Proprie	67dd59415e61a1513fbf7041	8cmxKxEfxc
BUC	Poki-Woki	252898	Bulevardul Iuliu Maniu 19, București 061344, Romania	GURMAND PLAMADEALA SRL	Livrare Proprie	67dd59415e61a1513fbf703f	otADG7MeNT
BUC	Poki-Woki	252898	Strada Ceaikovski 9, București, Romania	GURMAND PLAMADEALA SRL	Livrare Proprie	67dd59415e61a1513fbf7040	TENbOXPh3s
CLJ	Poki-Woki	259744	Strada Emil Isac 15, Cluj-Napoca 400000, Romania	GURMAND PLAMADEALA SRL	Livrare Proprie	67dd59415e61a1513fbf703e	JS3WTjW9wO
CRB	Poki-Woki	286941	Calea Bucureşti 2bis, 077015, Romania	GURMAND PLAMADEALA SRL	Livrare Glovo	67dd59415e61a1513fbf7044	-
CRV	Poki-Woki	427376	Calea București 80, Craiova, Romania	GURMAND PLAMADEALA SRL	Livrare Glovo	67dd59415e61a1513fbf7048	obs43XqY1X
CTA	Poki-Woki	395215	Bulevardul Tomis 56, Constanța 900178, Romania	GURMAND PLAMADEALA SRL	Livrare Glovo	67dd59415e61a1513fbf7047	BMlSIYETji
GLT	Poki-Woki	346174	Strada Brașov 91, Galați 800402, Romania	ADIRAF SUSHI SRL	Livrare Proprie	67db00593a31651eb80dec19	vmXg9ahjx2
IAS	Poki-Woki	246180	Piața Voievozilor a9, Iași, Romania	IRA SUSHI SRL	Livrare Proprie	67dad68ddb56261b0e642504	Hw0PfaBcXg
IAS	Poki-Woki	246180	T17, Campus, Bulevardul Tudor Vladimirescu 111, Iași 700560, Romania	IRA SUSHI SRL	Livrare Proprie	67dad68ddb56261b0e64250a	cDMbAAe1zb
ORD	Poki-Woki	252890	Str. Nufărului 30, Oradea 410583, Romania	GURMAND PLAMADEALA SRL	Livrare Proprie	67dd59415e61a1513fbf7045	Vt8eoTerYr
PIT	Poki-Woki	453431	Strada Teilor 33 110030 Pitești Romania	ADIRAF SUSHI SRL	Livrare Proprie	67db00593a31651eb80dec1c	tTaEA6SW3Q
PTN	Poki-Woki	560183	Bulevardul Decebal 79 610046 Județul Neamț Piatra Neamț România	GRAND SUSHI SRL	Livrare Proprie	698498a48570377538821886	855D2nnGAY
SBU	Poki-Woki	246189	Bulevardul Mihai Viteazul 1a, Șelimbăr 550350, Romania	IRA SUSHI SRL	Livrare Proprie	67dad68ddb56261b0e642503	OdQcqliEQZ
SCV	Poki-Woki	305917	Bulevardul George Enescu 38, Suceava 720253, România	IRA SUSHI SRL	Livrare Glovo	67dad68ddb56261b0e642505	pE59njrg5s
TGM	Poki-Woki	346362	Bulevardul 1 Decembrie 1918 157 540445 Targu Mures Targu-Mures Romania	IRA SUSHI SRL	Livrare Proprie	67dac8733d53c710973955d7	c2hGI6lht0
TIM	Poki-Woki	598347	Str. Mareșal Constantin Prezan 70-72, Timișoara 300744, Romania	GURMAND PLAMADEALA SRL	Livrare Glovo	6a54b66c03a39aad721f93ec	I7u1vcBxRP
TUL	Poki-Woki	527494	Strada Isaccei 57 bis 820241 Tulcea Romania	ADIRAF SUSHI SRL	Livrare Proprie	-	9NET3qPz6L
BCU	Roll Master	390524	Strada 9 Mai 600022 Bacău Romania	GRAND SUSHI SRL	Livrare Proprie	67dafe6e21bfd57729792a5d	7vSTG0gpJI
BRL	Roll Master	552379	Strada Școlilor 2 810009 Județul Brăila Brăila România	ADIRAF SUSHI SRL	Livrare Proprie	6932b4cea15d3673ed37b9ec	ybjyyTEM4v
BRV	Roll Master	45153	Calea București 107 500299 Brașov Romania	GURMAND PLAMADEALA SRL	Livrare Proprie	67dd59415e61a1513fbf7035	2OWdyDgsmj
BTO	Roll Master	394182	Bulevardul George Enescu 4, Botoșani, Romania	IRA SUSHI SRL	Livrare Proprie	67dad68ddb56261b0e642507	21B7H8m1nF
BUC	Roll Master	20201	Bulevardul 1 Decembrie 1918 33a, București 032455, Romania	GURMAND PLAMADEALA SRL	Livrare Proprie	67dd59415e61a1513fbf7036	9ruScaYgxd
BUC	Roll Master	20201	Bulevardul Iuliu Maniu 19, București 061344, Romania	GURMAND PLAMADEALA SRL	Livrare Proprie	67dd59415e61a1513fbf703a	0tuwyx66O6
BUC	Roll Master	20201	Strada Ceaikovski 9, București, Romania	GURMAND PLAMADEALA SRL	Livrare Proprie	67dd59415e61a1513fbf703b	jyYbcUNd6t
BUC	Roll Master	20201	Strada Halelor 17, București, Romania	GURMAND PLAMADEALA SRL	Livrare Proprie	67dd59415e61a1513fbf7037	GBPNb46IXY
CLJ	Roll Master	237723	Strada Emil Isac 15, Cluj-Napoca 400000, Romania	GURMAND PLAMADEALA SRL	Livrare Proprie	67dd59415e61a1513fbf703c	SfiSn42p6o
CRB	Roll Master	324707	Calea Bucureşti 2bis, 077015, Romania	GURMAND PLAMADEALA SRL	Livrare Glovo	67dd59415e61a1513fbf7039	-
CRV	Roll Master	426838	8R7M+56G, Craiova, Romania	GURMAND PLAMADEALA SRL	Livrare Glovo	67dd59415e61a1513fbf7049	50Jrn5lP1V
CTA	Roll Master	395199	Bulevardul Tomis 56, Constanța 900178, Romania	GURMAND PLAMADEALA SRL	Livrare Glovo	67dd59415e61a1513fbf7046	fORQSGWvmf
GLT	Roll Master	212596	Strada Brașov 91, Galați 800402, Romania	ADIRAF SUSHI SRL	Livrare Proprie	67db00593a31651eb80dec18	fKEZVLqzbG
IAS	Roll Master	45746	Piața Voievozilor a9, Iași, Romania	IRA SUSHI SRL	Livrare Proprie	67dad68ddb56261b0e642501	iPmz2mw5At
IAS	Roll Master	45746	T17, Campus, Bulevardul Tudor Vladimirescu 111, Iași 700560, Romania	IRA SUSHI SRL	Livrare Proprie	67dad68ddb56261b0e642509	yb9KGyKWGC
ORD	Roll Master	120509	Centrul Comercial Lotus Retail Park, Strada Ștefan Octavian Iosif 7, Oradea 410230, România	GURMAND PLAMADEALA SRL	Livrare Proprie	67dd59415e61a1513fbf7038	cs8T0zIBAX
PIT	Roll Master	443276	Strada Teilor 33 110030 Pitești Romania	ADIRAF SUSHI SRL	Livrare Proprie	67db00593a31651eb80dec1b	PcBLx8M8yH
PTN	Roll Master	560026	Bulevardul Decebal 79 610046 Județul Neamț Piatra Neamț România	GRAND SUSHI SRL	Livrare Glovo	698459a82a9431729540cf0a	JGx6DEF9kJ
SBU	Roll Master	90307	Bulevardul Mihai Viteazul 1a, Șelimbăr 550350, Romania	IRA SUSHI SRL	Livrare Proprie	67dad68ddb56261b0e642502	NcqsVG3C6i
SCV	Roll Master	305887	Bulevardul George Enescu 38, Suceava, România	IRA SUSHI SRL	Livrare Glovo	67dad68ddb56261b0e642506	0dpOgE7Y9N
TGM	Roll Master	290766	Bulevardul 1 Decembrie 1918 157 540445 Județul Mureș Târgu Mureș România	IRA SUSHI SRL	Livrare Proprie	67dac8733d53c710973955d6	8y17CpRRQp
TIM	Roll Master	104450	Str. Mareșal Constantin Prezan 70-72, Timișoara 300744, Romania	GURMAND PLAMADEALA SRL	Livrare Glovo	67dac56ea0d80030d679bc07	KrVAAh70Nz
TUL	Roll Master	514163	Strada Isaccei 57 bis 820241 Tulcea Romania	ADIRAF SUSHI SRL	Livrare Proprie	-	3xKLgZLFAI
CLJ	Smash Me	502632	Strada Avram Iancu 492-500 407280 Cluj Romania	GURMAND PLAMADEALA SRL	Livrare Glovo	67dc3f5b2e58c74a8f351224	tU3uNoeqwE
CTA	Smash Me	544850	Bulevardul Alexandru Lăpușneanu 116C, Unitatea F35, Centrul Comercial CITY PARK MALL 900419 Județul Constanța Constanța România	GURMAND PLAMADEALA SRL	Livrare Glovo	690088cf9855699872d4fcd1	tUyH2OhMa1
